<?xml version="1.0" encoding="UTF-8"?>
<Configuration status="WARN">
    <appenders>
        <Console name="Console" target="SYSTEM_OUT">
            <!-- 设置日志输出的格式 -->
            <PatternLayout pattern="[%d{HH:mm:ss:SSS}] [%p] - %l - %m%n"/>
        </Console>
        <RollingFile name="RollingFileInfo" fileName="D:/info.log"
                     filePattern="D:/$${date:yyyy-MM}/info-%d{yyyy-MM-dd}-%i.log">
            <Filters>
                <ThresholdFilter level="INFO"/>
            </Filters>
            <PatternLayout pattern="[%d{HH:mm:ss:SSS}] [%p] - %l - %m%n"/>
            <Policies>
                <TimeBasedTriggeringPolicy/>
                <SizeBasedTriggeringPolicy size="100 MB"/>
            </Policies>
        </RollingFile>
    </appenders>

    <loggers>
        <root level="all">
            <appender-ref ref="Console"/>
            <appender-ref ref="RollingFileInfo"/>
        </root>
    </loggers>

</Configuration>