<beans xmlns="http://www.springframework.org/schema/beans"
       xmlns:xsi="http://www.w3.org/2001/XMLSchema-instance"
       xsi:schemaLocation="http://www.springframework.org/schema/beans
    http://www.springframework.org/schema/beans/spring-beans-3.0.xsd">

    <bean id="taskJob" class="com.example.demo.quartz.TestTask"/>

    <bean id="jobDetail"
          class="org.springframework.scheduling.quartz.MethodInvokingJobDetailFactoryBean">
        <property name="targetObject">
            <ref bean="taskJob"/>
        </property>
        <property name="targetMethod">
            <value>run</value>
        </property>
    </bean>

    <!--  调度触发器 -->
    <bean id="myTrigger"
          class="org.springframework.scheduling.quartz.CronTriggerFactoryBean">
        <property name="jobDetail">
            <ref bean="jobDetail" />
        </property>
        <property name="cronExpression">
            <value>0/10 * * * * ?</value>
        </property>
    </bean>

    <!-- 调度工厂 -->
    <bean id="scheduler"
          class="org.springframework.scheduling.quartz.SchedulerFactoryBean">
        <property name="triggers">
            <list>
                <ref bean="myTrigger"/>
            </list>
        </property>
    </bean>
</beans>